Date,Input,Tea,Activity,Mindfulness,Fruit,Vegetable,Fish,Seafood,Mushroom,Pulse,Probiotic,Nut,Seed,Tuber,Cereal,Baked,Spice,Drink,Dairy,White Meat,Red Meat,Cheese,Condiment,Fat,Snack,Cocoa,Sweet,Alcohol,Caf,H2O,Sug,Fib,INSF,SOLF,Sal,MUFA,O3,DHA,EPA,O6,Trans,SUFA,Chol,Prot,Arg,Gly,His,Lys,Met,Phe,Trp,Tyr,Tau,Cre,Erg,B1,B2,B3,B5,B6,B12,B7,Ch,B9,A,LZ,Lyc,C,D,E,K1,Ca,Cu,I,Fe,Mg,Mn,P,K,Se,Na,Zn,Li,B,Si,Pol,Kratom (g),MOOD,MOOD,HEALTH,HI,HRV,RHR,SS,TtSS,Awake%,REM%,DEEP%,REMs,WE,TD,PSI,MEMORY,RT,SCORE,Serotonin Score,Dopamine Score,Acetylcholine Score,Noradrenaline Score,GABA Score
26-Aug-26,"chewing gum, instant coffee, sunflower seed, nutella, whole wheat bread, kratom, white tea, milk, peanut butter, gaming",1,0,0,0,0,0,0,0,1,0,0,1,0,1,1,0,1,1,0,0,0,0,2,0,0,1,0,1,0,3,0,0,1,1,2,0,0,0,2,0,1,0,0,1,1,0,2,0,0,2,1,0,0,0,0,1,1,0,0,1,2,0,0,0,0,0,0,0,2,0,1,2,1,2,1,2,2,0,1,0,0,1,0,0,2,7,-1,2,2,3,22,58,89,20,2,25,21,5,,,,,,3.40,2.0,2.0,3.7,5.0,3.6
27-Aug-26,"chewing gum, instant coffee, paracetamol, nutella, peanut butter, whole wheat bread, kratom, grapes, salmon, butter, black tea, magnesium, pyridoxine, gaming",1,0,0,1,0,1,0,0,1,0,0,0,0,1,1,0,2,1,0,0,0,0,3,0,0,1,0,2,1,3,0,0,1,1,2,0,0,0,2,0,2,0,0,2,1,0,1,1,0,1,1,0,0,0,1,1,1,0,2,0,2,0,0,0,0,0,0,0,2,1,0,4,0,3,2,3,1,1,1,0,0,1,1,1,4,12,1,4,4,4,23,58,87,22,2,29,22,5,,,,,,3.92,4.0,2.5,4.1,5.0,3.4
28-Aug-26,"chewing gum, instant coffee, kofola, strength training, kratom, snickers, milk, whole wheat bread, peanut butter, white tea, salmon, butter, nutella, gaming",1,0,0,0,0,1,0,0,1,0,0,0,0,1,1,0,1,2,0,0,0,0,3,0,0,3,0,2,1,4,0,0,1,1,2,0,0,0,2,0,2,0,0,1,1,0,2,0,0,2,1,0,0,0,0,1,1,0,0,1,2,0,0,0,0,0,0,0,2,0,1,2,1,2,1,2,2,0,1,0,0,1,0,0,2,9,-1,2,2,3,16,59,59,13,5,23,27,2,,,,,,2.58,2.0,2.0,1.7,4.3,3.0
29-Aug-26,"kratom, instant coffee, milk, milk chocolate, sweet pastry, watermelon, camembert, swis cheese, white bread, sesame seed, white tea, shower, black tea, release, gaming",2,1,0,1,0,0,0,0,0,0,0,1,0,2,2,0,2,4,0,0,1,0,0,0,1,2,0,2,1,2,0,0,1,0,0,0,0,0,0,1,1,0,0,0,0,0,2,0,0,2,0,0,0,0,0,2,1,0,0,2,1,0,0,0,0,0,0,0,0,0,1,2,1,2,0,2,2,0,0,0,1,0,0,1,3,15,0,3,4,3,19,60,73,14,1,22,22,3,,,,,,3.16,3.5,2.0,2.3,3.7,3.5
30-Aug-26,"kratom, cottage cheese, milk, instant coffee, pork pate, whole wheat bread, cola, mozartkugeln, wim hof, release, gaming",0,1,1,0,0,0,0,0,0,0,0,0,0,1,1,0,2,2,0,1,0,0,0,0,0,2,0,2,1,2,0,0,1,0,0,0,0,0,0,0,1,0,1,1,0,0,1,1,0,2,1,0,0,0,0,2,1,1,0,2,2,0,0,0,0,0,0,0,0,0,1,0,2,1,0,0,2,0,1,1,0,0,0,0,1,12,-1,2,3,4,22,60,86,13,2,26,22,4,,,,,,3.48,2.5,2.5,3.3,3.7,3.9
31-Aug-26,"apple, instant coffee, sweet pastry, milk, wim hof, kratom, green tea, shower, mackerel, tomato sauce, whole wheat bread, peanut butter, gaming",1,0,1,1,1,1,0,0,1,0,0,0,0,2,2,0,1,1,0,0,0,1,1,0,0,1,0,2,1,3,0,0,1,0,1,1,1,1,1,0,2,1,1,2,2,1,3,1,1,3,2,1,1,0,1,2,2,0,1,2,3,1,0,0,0,0,0,1,1,0,1,2,2,2,1,2,3,1,2,1,0,1,0,1,3,5,-1,2,4,4,19,61,86,17,3,23,24,4,0,,,,,3.09,3.0,2.5,2.8,3.0,3.7
1-Sep-26,"chewing gum, instant coffee, whole wheat bread, jam, peanut butter, kratom, tomato, bell pepper, feta, turkey, cucumber, wim hof, soda, black tea, banana",1,0,1,1,3,0,0,0,1,0,0,0,0,1,1,0,2,2,1,0,1,0,1,0,0,1,0,2,1,4,0,0,1,1,1,0,0,0,1,2,3,0,0,1,1,0,3,0,2,3,3,0,0,0,0,1,1,0,2,2,2,0,1,1,0,1,2,0,2,1,0,3,0,1,1,3,3,1,1,2,0,2,0,2,5,10,1,4,3,3,22,60,81,20,2,24,20,2,161,,,,,3.19,3.5,3.8,2.3,3.7,3.3
2-Sep-26,"chewing gum, banana, instant coffee, potato chips, grapes, kratom, black tea, kegels, tvarůžky, whole wheat bread, linseed oil, white tea, molasses, gaming",2,1,0,2,0,0,0,0,0,0,0,0,1,1,1,0,2,1,0,0,1,0,2,1,0,1,0,2,1,3,0,0,2,1,1,2,0,0,1,0,0,0,0,1,0,0,0,1,0,0,0,0,0,0,2,1,2,1,4,0,3,0,0,0,0,0,2,0,1,2,1,6,0,2,1,4,1,4,1,1,0,0,1,2,5,8,0,3,2,2,27,60,87,13,1,23,14,3,114,,,,,3.18,2.5,2.8,3.1,3.7,3.7
3-Sep-26,"chewing gum, instant coffee, whole wheat bread, jam, peanut butter, banana, kratom, watermelon, milk, date syrup, white tea, bell pepper, honey, black tea, polyphenols, lutein+zeaxanthin, omega-3, EPA, DHA, vitamin C, vitamin E, zinc, copper, selenium, riboflavin, release, gaming",2,1,0,2,1,0,0,0,1,0,0,0,0,1,1,0,2,1,0,0,0,0,1,0,0,3,0,2,1,7,0,0,1,1,1,1,1,1,1,0,1,0,0,1,1,0,2,0,0,2,1,0,0,0,0,3,1,0,2,1,2,0,1,1,0,1,2,0,2,0,1,4,1,1,1,3,2,1,1,0,0,2,0,2,7,10,0,3,2,4,24,63,89,13,1,32,18,5,71,,,,,3.52,2.5,3.3,4.5,1.7,3.9
4-Sep-26,"whole wheat bread, jam, peanut butter, instant coffee, donut, xylitol, piracetam, kratom, bagel, onion, carrot, potato, french fries, black tea, mayo, chicken, shower, grapes, wim hof",1,0,1,1,1,0,0,0,1,0,0,0,1,3,2,0,2,0,1,0,0,1,3,0,0,2,0,2,1,3,1,0,3,0,1,2,0,0,4,1,1,1,1,3,2,1,2,2,1,3,2,1,1,0,5,2,4,3,4,1,2,1,0,1,0,0,2,0,2,2,0,5,0,3,1,3,2,3,2,1,1,2,1,1,5,5,1,4,2,4,30,61,60,15,4,19,27,2,0,,,,,2.82,3.0,2.5,2.6,3.0,3.0
5-Sep-26,"black tea, grapes, piracetam, instant coffee, xylitol, milk, release, kefir, kratom, shower, sesame seed, white bread, kegels, chicken, white rice, beer, white tea, bath, jam, tomato juice, gaming",2,2,0,1,1,0,0,0,0,1,0,1,0,2,1,0,4,2,1,0,0,0,0,0,0,1,1,2,1,4,0,0,1,0,0,0,0,0,1,1,1,2,2,2,1,1,3,3,2,3,2,1,1,0,1,4,2,2,2,3,2,1,0,1,0,0,0,0,0,1,2,2,2,3,0,1,3,2,2,0,1,1,1,2,5,14,-1,2,3,2,23,59,79,19,11,21,22,3,,,,,,2.63,2.5,1.5,2.6,4.3,2.5
6-Sep-26,"kratom, piracetam, instant coffee, xylitol, milk, lángos, ketchup, mayo, edam, pombar, kofola, kegels, banana, milk, black tea, gaming",1,1,0,1,0,0,0,0,0,0,0,0,0,1,0,0,2,2,0,0,1,1,2,1,0,1,0,3,2,4,1,0,1,0,0,1,0,0,1,1,1,1,1,1,0,0,1,1,1,2,1,0,0,0,0,2,1,0,1,2,1,0,0,1,0,1,1,0,0,1,2,2,1,1,0,2,2,1,1,2,1,0,0,2,3,17,-1,2,2,3,22,59,80,19,1,27,25,3,,,,,,3.16,2.0,2.0,3.0,4.3,3.6
7-Sep-26,"instant coffee, piracetam, whole wheat bread, peanut butter, jam, banana, kratom, apple, cinnamon, pasta, edamame, prawn, shiitake, sesame seed, teriyaki, chicken, bamboo shots, black tea, wim hof, pear, kratom, gaming",1,0,1,3,1,0,1,1,2,0,0,1,0,2,1,1,2,0,1,0,0,1,1,0,0,1,0,2,1,4,1,0,2,0,1,1,0,0,2,1,1,1,2,3,2,1,3,1,2,4,3,1,1,0,2,2,3,1,2,1,3,1,2,0,1,0,1,0,1,1,0,5,0,4,2,5,3,1,3,0,1,1,0,2,6,7,-1,2,2,2,23,59,86,17,3,25,28,3,0,,,,,2.95,2.0,1.5,2.9,4.3,3.8
8-Sep-26,"instant coffee, white rice, chicken, black tea, piracetam, kratom, kofola, potato chips, sausage, mustard, apple, sweet pastry, raisins, cinnamon, white bread, release, gaming",1,1,0,2,0,0,0,0,0,0,0,0,1,3,2,1,2,0,1,1,0,1,1,1,0,2,0,3,2,2,0,0,2,0,1,1,0,0,2,1,0,1,1,1,1,1,1,1,1,1,1,1,1,0,1,1,3,2,2,1,1,1,0,0,0,0,1,0,1,1,0,2,0,2,0,1,2,1,1,1,1,0,0,1,3,4,-1,2,2,4,19,61,85,20,3,23,21,4,112,,,,,3.03,2.0,3.8,2.8,3.0,3.3
9-Sep-26,"apple, sweet pastry, raisins, cinnamon, instant coffee, piracetam, kratom, milk chocolate, ice tea, cream, cake, black tea, linseed oil, white tea, chicken, white bread, wim hof, gaming",2,0,1,2,0,0,0,0,0,0,0,0,0,2,3,1,2,2,1,0,0,0,2,0,1,3,0,2,1,2,0,0,1,0,0,1,0,0,1,2,1,1,1,1,1,1,2,1,1,2,1,1,1,0,0,2,2,1,1,2,2,1,0,0,0,0,0,0,0,0,0,3,0,3,0,3,2,0,2,0,2,0,0,1,5,11,1,4,3,2,15,63,87,15,1,21,19,4,122,,,,,3.04,3.5,2.9,2.3,1.7,3.8
10-Sep-26,"instant coffee, linseed oil, white tea, piracetam, kratom, milk, xylitol, pickles, white bread, chicken, tomato, cabbage, grapes, black tea, qi gong, wim hof, meditation, shower, banana, release, kegels",2,3,2,2,3,0,0,0,0,0,0,0,0,1,1,0,2,1,1,0,0,0,1,0,0,0,0,2,1,3,0,0,1,0,0,1,0,0,1,1,0,1,1,2,1,1,2,2,1,2,1,1,1,0,1,3,2,1,3,2,2,1,0,0,0,0,1,0,0,1,1,4,1,3,0,3,2,2,2,0,1,0,1,2,5,7,0,3,2,4,25,60,85,20,3,26,17,4,75,,,,,3.24,2.5,3.4,3.6,3.7,3.2
11-Sep-26,"whole wheat bread, jam, grapes, sweet pastry, poppy seed, milk, granko, instant coffee, kratom, linseed oil, xylitol, black tea, magnesium, meditation, gaming",1,0,1,1,0,0,0,0,0,0,0,1,0,2,2,0,2,1,0,0,0,0,1,0,1,3,0,2,1,3,1,1,1,0,0,1,0,0,1,0,0,0,0,1,0,0,1,1,0,1,0,0,0,0,2,2,1,0,1,1,3,0,0,0,0,0,0,1,0,1,2,4,1,3,2,3,2,1,1,0,1,0,1,2,5,7,0,3,2,4,20,60,67,13,1,18,30,2,136,,,,,3.06,2.5,4.0,1.6,3.7,3.8
12-Sep-26,"edam, whole wheat bread, rapeseed oil, kratom, instant coffee, xylitol, milk, granko, milk chocolate, white chocolate, magnesium, pie, strawberries, egg, ketchup, pasta, black tea, kegels, white tea, gaming",2,1,0,0,0,0,0,0,0,0,0,0,0,2,1,0,2,3,0,0,1,0,0,0,2,2,0,2,1,3,0,0,1,0,0,0,0,0,0,2,2,2,1,2,0,0,2,2,3,5,2,0,0,0,1,5,2,1,0,4,2,1,1,1,0,1,0,1,0,0,2,3,2,3,1,3,4,0,3,2,2,1,0,1,3,14,0,3,2,2,19,61,72,14,1,25,27,3,,,,,,2.96,2.5,1.5,2.6,3.0,3.7
13-Sep-26,"kratom, piracetam, release, apple, sweet pastry, shower, white tea, kofola, chicken, bell pepper, pasta, soy sauce, chilli, instant coffee, milk, xylitol, white bread, gaming",1,1,0,1,1,0,0,0,0,0,0,0,0,3,2,1,1,1,1,0,0,0,0,0,0,2,0,2,1,4,0,0,1,0,0,0,0,0,1,1,0,1,1,1,1,1,2,1,2,3,1,1,1,0,1,4,3,1,2,2,1,1,2,1,0,1,1,0,1,0,1,1,1,3,0,1,2,0,2,0,1,1,0,0,3,13,0,3,3,2,15,63,81,18,1,19,28,3,,,,,,2.74,3.0,1.5,1.7,1.7,3.8
14-Sep-26,"raisins, cinnamon, apple, sweet pastry, instant coffee, strawberries, turkey, white bread, sesame seed, kratom, black tea, xylitol, wim hof, piracetam, milk, granko, magnesium, kegels, shower, melatonin, gaming",1,1,1,2,0,0,0,0,0,0,0,1,0,2,2,1,2,1,1,0,0,0,0,0,1,2,0,2,1,2,0,0,1,0,0,0,0,0,0,0,0,0,0,0,0,0,1,0,0,1,0,0,0,0,0,1,1,0,0,1,1,0,0,0,0,0,0,1,0,0,1,1,1,1,1,1,1,0,0,0,0,0,0,1,3,3,-1,2,2,4,25,61,86,12,3,21,28,3,0,,,,,3.05,2.0,2.5,2.8,3.0,4.1
15-Sep-26,"instant coffee, jam, whole wheat bread, apple, poppy seed, sweet pastry, milk, kratom, soy, coconut, milk chocolate, black tea, white bread, processed cheese, melatonin, linseed oil",1,0,0,1,0,0,0,0,0,0,0,1,0,3,3,0,2,3,0,0,1,0,1,0,1,3,0,2,1,4,1,1,1,0,0,1,0,0,1,2,2,1,1,1,0,1,3,1,1,3,1,0,0,0,1,3,1,0,0,3,4,0,0,1,0,0,0,0,0,0,3,4,2,3,1,4,4,0,2,1,3,0,0,2,6,10,,2,3,3,20,61,87,28,2,27,23,4,140,,,,,3.13,2.5,3.6,3.3,3.0,3.2
16-Sep-26,"sweet pastry, poppy seed, soy, milk chocolate, coconut, white chocolate, piracetam, kratom, instant coffee, milk, granko, wim hof, banana, black tea, processed cheese, whole wheat bread, jam, magnesium, tryptophan, pyridoxine, gaming",1,0,1,1,0,0,0,0,0,0,0,1,0,2,2,0,2,3,0,0,1,0,0,0,2,4,0,2,1,4,1,1,1,0,0,0,0,0,1,2,2,1,1,1,0,1,3,1,1,3,1,0,0,0,1,3,1,0,2,3,3,0,0,1,0,0,1,1,0,0,3,4,2,3,2,4,4,1,1,1,3,0,0,3,5,3,,2,1,1,26,59,93,14,1,24,23,4,176,,,,,3.39,1.5,3.0,3.5,4.3,4.2
17-Sep-26,"instant coffee, whole wheat bread, jam, kratom, chilli, pasta, sweet pastry, apricot, raisins, milk, granko, black tea, meditation, release, pickles, gaming",1,1,1,2,1,0,0,0,0,0,0,0,0,3,2,1,2,1,0,0,0,0,0,0,1,3,0,2,1,2,0,0,1,0,0,0,0,0,0,0,0,0,0,0,0,0,1,0,1,2,0,0,0,0,1,2,2,0,0,1,1,0,1,0,0,0,0,1,0,0,1,2,1,2,0,2,1,0,1,0,0,0,0,1,3,10,,3,2,4,20,60,79,20,2,25,27,4,0,11,,12,192,3.32,2.5,2.5,3.1,3.7,3.5
18-Sep-26,"gummi bears, kofola, white bread, mayo, ham, shower, instant coffee, milk, wim hof, piracetam, milk chocolate, waffle, grapes, gaming, black tea, kratom",1,0,1,1,0,0,0,0,0,0,0,0,0,1,1,0,2,2,0,1,0,1,1,0,1,3,0,3,2,5,0,0,1,0,0,1,0,0,1,1,1,0,0,2,1,0,3,1,0,2,0,0,0,0,1,3,1,0,1,2,1,0,0,0,0,0,0,0,0,2,1,4,1,3,0,2,2,1,0,0,1,0,1,1,4,7,,2,3,2,19,61,82,22,8,16,18,4,0,5,,11,210,2.45,2.5,1.5,2.2,3.0,2.5
19-Sep-26,"instant coffee, kratom, milk, grapes, white tea, tryptophan, pyridoxine, poppy seed, sweet pastry, magnesium, orange juice, white bread, tofu, cream, mango, nap, milk chocolate, wafer, black tea, gaming, piracetam",2,0,0,3,0,0,0,0,1,0,0,1,0,2,2,0,3,3,0,0,0,0,1,0,1,4,0,2,1,4,1,1,2,0,0,0,0,0,1,1,1,0,0,1,0,0,2,1,0,2,0,0,0,0,2,3,1,0,3,2,2,0,1,1,0,0,1,0,1,1,2,5,1,4,2,3,3,1,0,0,2,0,2,3,5,6,,2,1,2,20,60,88,29,4,21,21,4,,9,,11,224,2.70,1.5,1.5,2.8,3.7,2.9
20-Sep-26,"cola, white bread, pork, tomato sauce, mascarpone, sweet pastry, orange juice, sesame seed, chewing gum, kratom, milk chocolate, black tea, gaming, piracetam, quark, kegels",1,1,0,1,1,0,0,0,0,0,0,1,0,2,2,0,3,3,0,1,1,1,0,0,1,4,0,2,2,2,0,0,0,1,0,0,0,0,0,1,1,1,1,1,1,0,2,1,1,2,1,0,0,0,0,2,1,0,1,2,0,0,0,0,0,0,0,0,0,0,0,2,0,2,0,2,2,0,1,0,1,0,0,1,2,10,,5,3,4,17,62,61,18,3,24,35,3,,9,16.67,10,231,3.07,4.0,2.5,2.3,2.3,3.4
21-Sep-26,"kratom, instant coffee, milk, banana, kratom, sesame seed, white bread, salami, linseed oil, granko, honey, black tea, chewing gum, frankfurter, mustard, ketchup, wim hof, magnesium, xylitol",1,0,1,1,0,0,0,0,0,0,0,1,0,1,1,0,2,1,0,1,0,1,1,0,1,2,0,2,1,4,0,0,1,1,0,1,0,0,0,0,1,0,0,1,0,0,2,1,1,2,1,0,0,0,0,1,1,0,1,2,2,0,0,0,0,1,1,1,0,0,1,3,1,1,1,4,1,1,2,2,0,0,0,2,4,11,,3,2,4,23,61,65,25,2,28,22,2,,9,22.22,10,287,2.74,2.5,2.5,2.7,3.0,2.6
22-Sep-26,"granko, linseed oil, kratom, instant coffee, milk, cinnamon, apple, ladyfingers, cauliflower, french fries, mayo, egg, salami, potato chips, banana, xylitol, beer, magnesium, kefir, tryptophan, pyridoxine, gaming, chewing gum, mozzarella, white bread, bell pepper",0,0,0,2,2,0,0,0,0,1,0,0,2,1,1,1,2,3,0,1,1,1,4,1,1,1,1,1,0,5,0,0,3,1,1,4,0,0,3,1,3,3,2,3,0,1,4,4,4,5,4,0,0,0,2,5,3,4,5,5,4,1,1,3,0,1,4,1,3,2,3,4,3,1,1,3,5,4,5,4,1,3,0,2,6,12,,2,2,2,24,60,82,15,1,25,26,4,,7,5.56,10,215,2.98,2.0,1.5,3.4,3.7,3.9
23-Sep-26,"salami, processed cheese, white bread, pear, tryptophan, pyridoxine, kratom, instant coffee, granko, milk, ketchup, tomato, camembert, potato, xylitol, black tea, gaming, banana, bell pepper, release, wim hof, meditation, piracetam, shower",1,1,2,2,2,0,0,0,0,0,0,0,0,1,1,0,2,3,0,1,2,0,0,0,1,1,0,2,1,4,1,0,2,0,0,0,0,0,0,1,2,1,1,2,0,1,3,2,2,4,2,0,0,0,1,3,2,1,4,3,2,0,1,2,0,2,3,1,1,0,2,3,2,1,0,4,2,2,2,3,1,2,0,2,5,5,,3,3,5,28,59,86,23,2,22,15,4,30,7,16.67,10,224,3.19,3.0,3.3,3.5,4.3,3.1
24-Sep-26,"instant coffee, white bread, processed cheese, salami, kofola, potato chips, magnesium, biscuits, piracetam, white tea, tryptophan, pyridoxine, butter, whole wheat bread, linseed, kegels, vitamin c, zinc, rose hip, echinacea, honey",1,1,0,0,0,0,0,0,0,0,0,0,1,2,2,0,1,2,0,1,1,0,2,1,0,2,0,2,1,2,0,0,2,0,1,1,0,0,1,1,3,1,1,2,0,1,2,2,2,2,2,0,0,0,1,1,2,1,2,2,2,0,0,1,0,0,1,0,1,1,1,1,1,0,1,1,2,1,2,3,1,0,0,0,1,5,,3,1,4,17,61,76,17,7,23,25,3,94,16,11.11,10,221,2.84,2.0,3.6,2.2,3.0,3.0
25-Sep-26,"chewing gum, white bread, salami, processed cheese, kofola, kratom, frankfurter, sesame seed, mozzarella, bell pepper, tomato, olive oil, kegels, pu-erh, piracetam, gaming",1,1,0,0,2,0,0,0,0,0,0,1,0,1,1,0,0,2,0,1,2,0,1,0,0,1,0,2,2,2,0,0,0,1,1,0,0,0,0,2,3,2,2,3,0,2,3,3,3,3,3,0,0,0,0,3,0,0,1,3,1,0,1,3,0,1,1,0,2,0,2,0,1,1,0,2,2,0,3,3,2,1,0,1,2,7,,4,1,2,17,61,87,23,1,26,18,4,0,9,11.11,9,230,2.61,2.5,1.5,2.9,3.0,3.3
26-Sep-26,"kratom, papaya, chewing gum, tryptophan, pyridoxine, meditation, gaming, kofola, edam, ketchup, mayo, lángos, garlic, potato chips, pu-erh, piracetam, biscuits, release",1,1,1,1,0,0,0,0,0,0,0,0,1,1,0,0,0,1,0,0,1,1,3,1,0,1,0,2,2,2,0,0,1,1,1,2,0,0,2,1,1,1,1,1,0,0,0,1,1,1,1,0,0,0,1,1,1,1,2,1,0,0,0,1,0,1,1,0,1,2,1,1,0,1,0,1,2,1,1,3,1,0,0,1,1,13,,4,3,4,19,63,59,23,3,24,37,3,,19,16.67,9,243,3.00,3.5,2.5,2.5,1.7,3.1
27-Sep-26,"kratom, milk, instant coffee, piracetam, granko, pyridoxine, tryptophan, egg, radish, white bread, ketchup, salami, pumpkin seed, sesame seed, honey, potato, pasta, carrot, parsley, onion, soup, banana, gaming, cream, black tea, milk, granko, kegels",1,1,0,1,1,0,0,0,0,0,0,2,0,2,1,0,2,2,0,1,0,0,1,0,1,2,0,2,1,4,1,0,2,0,0,0,0,0,0,0,1,1,0,2,0,0,2,2,3,5,2,0,0,0,2,3,3,2,3,3,2,1,1,1,0,1,2,1,0,0,1,4,2,2,0,5,2,2,3,3,0,2,0,2,4,13,,4,2,4,19,64,64,10,4,32,24,3,,19,5.56,10,196,3.11,3.0,2.5,3.1,1.0,3.3
28-Sep-26,"kratom, instant coffee, milk, granko, piracetam, mozzarella, tomato, butter, white bread, pumpkin seed, bell pepper",0,0,0,0,2,0,0,0,0,0,0,1,0,1,1,0,1,3,0,0,1,0,1,0,1,1,0,1,0,2,0,0,1,0,0,0,0,0,0,1,2,1,1,1,0,1,2,1,1,2,1,0,0,0,0,3,1,0,1,2,1,0,1,2,0,1,1,1,1,0,2,0,1,1,0,0,2,0,1,2,1,1,0,0,2,8,,,,,,,,,,,,,,,,,,,,,,,